product_id,product_name,product_category,quantity_total
1,Coke,Beverage,0
2,Milk,Fresh,0
3,Crisps,Dry Foods,0
4,Eggs,Fresh,0
5,Bread,Fresh,0
6,Cereal,Dry Foods,0
7,Beef,Meat,0
8,Chicken,Meat,0
9,Water,Beverage,0
10,Cookies,Snacks,0
11,Carrots,Fresh,0
12,Potatoes,Fresh,0
13,Coffee,Beverage,0
14,Peanut Butter,Snacks,0
15,Pizza,Snacks,0
16,Butter,Fresh,0
17,Pasta,Dry Foods,0
18,Sausages,Meat,0
19,Rice,Dry Foods,0
20,Flour,Dry Foods,0
